epoch,accuracy,auc,loss,val_accuracy,val_auc,val_loss
0,0.5460330843925476,0.9734975695610046,0.09767642617225647,NA,NA,NA
0,0.540585994720459,0.9770739674568176,0.09210079908370972,NA,NA,NA
